<?xml version="1.0" encoding="UTF-8"?>
<beans xmlns="http://www.springframework.org/schema/beans"
	xmlns:xsi="http://www.w3.org/2001/XMLSchema-instance"
	xmlns:context="http://www.springframework.org/schema/context"
	xmlns:int="http://www.springframework.org/schema/integration"
	xmlns:int-twitter="http://www.springframework.org/schema/integration/twitter"
	xsi:schemaLocation="
		http://www.springframework.org/schema/integration         https://www.springframework.org/schema/integration/spring-integration.xsd
		http://www.springframework.org/schema/beans               https://www.springframework.org/schema/beans/spring-beans.xsd
		http://www.springframework.org/schema/integration/twitter https://www.springframework.org/schema/integration/twitter/spring-integration-twitter.xsd
		http://www.springframework.org/schema/context             https://www.springframework.org/schema/context/spring-context.xsd">

	<context:component-scan base-package="sipackage" />

	<context:property-placeholder location="classpath:oauth.properties"/>

	<!-- As of Twitter API version 1.1, users must be authenticated to perform searches -->

	<bean id="twitterTemplate"
		class="org.springframework.social.twitter.api.impl.TwitterTemplate">
		<constructor-arg value="${twitter.oauth.consumerKey}" />
		<constructor-arg value="${twitter.oauth.consumerSecret}" />
		<constructor-arg value="${twitter.oauth.accessToken}" />
		<constructor-arg value="${twitter.oauth.accessTokenSecret}" />
	</bean>

	<!-- See also: https://github.com/spring-projects/spring-integration-extensions/tree/master/spring-integration-social-twitter#twitter-inbound-adapters -->
	<int-twitter:search-inbound-channel-adapter id="twitter" twitter-template="twitterTemplate"
		query="springsource OR springintegration OR cloudfoundry OR #grails OR rabbitmq OR groovylang OR springframework"
		channel="twitterChannel" auto-startup="false">
		<int:poller fixed-rate="20000" max-messages-per-poll="3" />
	</int-twitter:search-inbound-channel-adapter>

	<!-- See also: https://docs.spring.io/spring-integration/reference/html/#overview-endpoints-service-activator
		https://www.eaipatterns.com/MessagingAdapter.html -->
	<int:service-activator id="twitterServiceActivator" ref="twitterService"
		input-channel="twitterChannel"
		method="addTwitterMessages" />

	<bean id="twitterService" class="sipackage.service.impl.DefaultTwitterService" />

	<int:logging-channel-adapter id="logger" level="INFO"
		expression="'Id:' + payload.id + '; Date:' + payload.createdAt + '; FromUser: ' + payload.fromUser" />

	<!-- See also: https://docs.spring.io/spring-integration/reference/html/#overview-components-channel
		https://www.eaipatterns.com/MessageChannel.html -->
	<int:channel id="twitterChannel">
		<int:interceptors>
			<int:wire-tap channel="logger" />
		</int:interceptors>
	</int:channel>

	<int:channel id="controlBusChannel" />

	<!-- See also: https://docs.spring.io/spring-integration/reference/html/#control-bus
		https://www.eaipatterns.com/ControlBus.html -->
	<int:control-bus id="controlBus" input-channel="controlBusChannel" />

</beans>
